Metric,LR,SR,Relative Change
Detected Pixels,12263742,12023061,-0.019625412863382156
Median dNBR,0.3211576,0.3191374,
High-Conf Fraction,0.09202766,0.107944235,0.17295429
Edge-Region Gain,,,0.2107209511301583
