Metric,LR,SR,Relative Change
Detected Pixels,13580032,12945654,-0.04671402836164156
Median dNBR,0.35010755,0.33958632,
High-Conf Fraction,0.09008011,0.100722134,0.11813953
Edge-Region Gain,,,0.05561013443640124
