Metric,LR,SR,Relative Change
Detected Pixels,17927444,18196385,0.015001636596940423
Median MNDWI,-0.08773442,-0.0843972,
High-Conf Fraction,0.17552024,0.18885356,0.07596458
Edge-Region Gain,,,0.3833475096871751
